User-ID,ISBN,Book-Rating
276725,034545104X,0
276726,155061224,5
276727,446520802,0
276729,052165615X,3
276729,521795028,6
276733,2080674722,0
276736,3257224281,8
276737,600570967,6
276744,038550120X,7
276745,342310538,10
276746,425115801,0
276746,449006522,0
276746,553561618,0
276746,055356451X,0
276746,786013990,0
276746,786014512,0
276747,60517794,9
276747,451192001,0
276747,609801279,0
276747,671537458,9
276747,679776818,8
276747,943066433,7
276747,1570231028,0
276747,1885408226,7
276748,747558167,6
276748,3442437407,0
276751,033390804X,0
276751,3596218098,8
276754,684867621,8
276755,451166892,5
276760,8440682697,10
276762,034544003X,0
276762,380000059,0
276762,380711524,5
276762,451167317,0
276762,451454952,0
276762,843920262,0
276762,3404122879,0
276762,3404182928,0
276762,3404611306,0
276762,342662429,0
276762,3426690179,0
276762,3442424216,0
276762,3442425573,0
276762,3453092007,8
276762,3453157745,0
276762,3453176944,0
276762,3453185137,0
276762,3453185323,0
276762,3453213025,3
276762,3453877241,0
276762,3492226604,0
276762,3517017442,0
276762,3596125006,0
276762,B0000BLD7X,0
276762,N3453124715,4
276765,9029716894,0
276768,9057868059,4
276772,140279091,0
276772,553572369,7
276772,571058086,0
276772,3499230933,10
276772,3596151465,10
276774,99543818,0
276774,3404147723,0
276774,3423111321,0
276774,3442136644,9
276774,3492232000,0
276780,8434811634,0
276780,8484330478,7
276780,8484332039,7
276786,2864322102,6
276786,8402065945,0
276786,8423314901,0
276786,842333533X,0
276786,8427911769,0
276786,8433914456,0
276786,8437606322,8
276786,8445072919,0
276786,8466300821,6
276786,847765011X,0
276786,8478442588,6
276786,8495368099,0
276788,345443683,8
276788,043935806X,7
276788,055310666X,10
276796,330332775,5
276796,330367358,0
276798,6379702,5
276798,3423084049,0
276798,3442131340,7
276798,3442437407,0
276798,3446202102,0
276798,3453073398,0
276798,3453115783,0
276798,3499134004,0
276798,349915398X,0
276798,3548603203,6
276798,3764501383,0
276798,3791535889,0
276800,61054143,0
276800,61054151,0
276800,61056774,0
276800,671021346,0
276800,671024108,0
276800,1562827898,7
276803,9726954835,0
276804,64405176,0
276804,439104769,0
276804,440498058,8
276806,8807817144,0
276806,8845915913,0
276808,395547032,10
276811,440414121,10
276812,8879839993,8
276813,8401328322,0
276813,8401461189,0
276813,8401471796,0
276813,8423996565,8
276813,8424130081,0
276813,8426449476,8
276813,8426449573,6
276813,8478884831,8
276813,8478885218,6
276813,8478885463,6
276813,8478886044,8
276813,8495618052,0
276814,91830893,8
276814,586207414,7
276814,812571029,9
276817,671749609,0
276820,140062718,0
276820,140260498,9
276822,60096195,10
276822,141310340,9
276822,142302198,10
276822,156006065,9
276822,375821813,9
276822,038076041X,10
276822,439087597,0
276822,439401399,6
276822,552546933,9
276822,689804458,8
276822,699854289,10
276822,786812508,9
276822,786817070,10
276822,805057706,10
276822,1551925060,8
276822,1573248533,10
276827,000651118X,7
276828,385272324,0
276828,2038701962,0
276828,2070264564,0
276828,2070334430,0
276828,2070403734,0
276828,2080680676,0
276828,2232122263,0
276828,2253044903,0
276828,2253150711,7
276828,2266076000,0
276828,2277221678,0
276828,2290321028,0
276828,2842190009,0
276830,440225825,9
276832,316781266,0
276832,345446860,5
276833,671876244,0
276835,3125785006,10
276837,380005239,5
276838,1593080255,0
276840,330201700,0
276840,385729340,0
276842,3809407536,7
276847,446364193,0
276847,3257200552,5
276847,3379015180,0
276847,3404145909,8
276847,3404148576,8
276847,3404921178,7
276847,3423071516,10
276847,3423204885,0
276847,3423205806,0
276847,3426029553,8
276847,3426622610,0
276847,3426671298,8
276847,344215121X,9
276847,3442413508,10
276847,3442422035,9
276847,3442435773,8
276847,3442437717,7
276847,3442441080,10
276847,3442442796,0
276847,3442444020,8
276847,3442446414,10
276847,3442448530,7
276847,3442449820,9
276847,3453137442,6
276847,3453870190,0
276847,3455077331,0
276847,347354034X,7
276847,3492231322,9
276847,349912176X,0
276847,3499222213,7
276847,3499228297,6
276847,3499232529,0
276847,3499233436,0
276847,3499264528,0
276847,3499433443,8
276847,3506464078,10
276847,3548602967,0
276847,3551551677,10
276847,3551551685,10
276847,3551551693,10
276847,3551551936,10
276847,359621078X,9
276847,3608932240,7
276847,360893541X,10
276847,3608935428,10
276847,3608935436,10
276847,374661922X,0
276847,3770131495,0
276847,3809024589,8
276847,3821815191,10
276847,3932069234,5
276848,3423100424,0
276848,3442096596,0
276848,3442440777,0
276848,3453009304,0
276848,3453042905,0
276848,3453061187,0
276848,3453071174,0
276848,3453127013,0
276848,3453211014,0
276848,3462026062,8
276848,349926028X,0
276848,3596122279,0
276848,3596287200,0
276848,3922524443,0
276850,449217264,7
276852,140621741,0
276852,055321358X,0
276853,8420457477,1
276853,8448034023,7
276854,671034944,5
276854,074931012X,5
276854,843946415,0
276856,2010173929,0
276856,20103389,0
276856,2012003494,0
276856,2013218826,0
276856,2013220162,0
276856,207033015X,0
276856,2070332985,0
276856,2203142278,0
276856,2205040561,0
276856,221096900X,0
276856,2253005274,0
276856,2723402983,0
276856,2747002748,0
276856,2800108584,0
276856,2800134259,0
276856,2800134267,0
276856,2800135522,0
276856,2800135565,0
276856,2800135719,0
276856,2800135727,0
276856,2803616998,0
276856,2907572458,0
276857,8439598459,6
276859,014014899X,0
276859,140252517,6
276859,140269967,0
276859,140328742,0
276859,140366830,0
276859,140367446,0
276859,425131378,0
276859,517642689,7
276859,600571165,0
276859,077104450X,8
276859,789706032,8
276859,836218833,10
276859,836220889,10
276859,088365721X,9
276859,1559712252,6
276859,1567616089,8
276859,2890510328,0
276859,3257227264,0
276861,141011904,9
276861,342313075X,0
276861,3423201509,10
276861,3423206616,8
276861,344242529,9
276861,3446200452,8
276861,349223903X,6
276861,3499231603,9
276861,360893541X,9
276861,3608935428,9
276861,3608935436,9
276861,3704320196,6
276861,3886807843,8
276862,345423402,0
276862,1569312435,9
276862,1892213141,8
276863,8530805461,10
276866,3257218516,3
276866,3404126343,8
276866,3404131606,0
276866,3404139178,9
276866,3404143299,7
276866,3404614542,0
276866,340645724X,3
276866,3426192543,5
276866,3426702266,0
276866,3442421357,0
276866,3442443806,4
276866,345309221X,8
276866,3453108361,7
276866,3453126912,0
276866,3453130901,5
276866,3453132262,0
276866,3596129389,0
276866,3596237874,0
276866,3596247500,0
276866,3809410357,5
276869,345249372,0
276869,044020562X,0
276870,9026935722,6
276872,425167097,8
276872,042518109X,8
276872,425188221,7
276872,8500010452,4
276872,8501023450,3
276872,8571648972,10
276872,8588615126,8
276872,8589885291,8
276873,009975181X,7
276875,273755,7
276875,14366020444,8
276875,688172377,0
276875,8481305464,0
276875,8496075850,8
276875,8804321008,0
276875,8804375299,0
276875,8804407808,6
276875,8804464895,7
276875,8804510579,0
276875,8804512652,0
276875,8806144146,0
276875,8806155873,0
276875,8807700735,0
276875,8807806746,0
276875,8807810751,7
276875,880781112X,6
276875,8807812495,0
276875,8807813157,0
276875,8807816059,0
276875,8817106100,6
276875,8817112917,8
276875,8817877028,0
276875,8820024381,0
276875,883041915X,0
276875,8831760122,0
276875,8833908488,4
276875,8838910987,8
276875,8842806978,0
276875,8845219747,0
276875,8845249689,0
276875,8846200624,8
276875,88741800047,8
276875,8876846565,7
276875,8877825200,2
276875,8879285513,6
276875,8879285645,6
276875,8879832905,0
276875,8881110288,0
276875,888634712X,0
276875,8887432252,8
276875,8888424121,8
276878,449210197,6
276879,8817151068,7
276884,151446474,0
276884,8433967606,0
276884,8496280012,7
276884,899792145,0
276884,B158991965,6
276887,64430227,5
276887,671723650,0
276887,812533550,9
276888,8806162160,6
276888,884590184X,0
276889,446613843,0
276890,140270272,0
276896,440241537,10
276904,99460343,0
276904,375901582,10
276904,439317746,5
276904,440228840,10
276904,440414121,10
276904,738205737,5
276904,1566911605,0
276905,60542845,8
276905,449148831,5
276905,1551666308,0
276911,8420430943,8
276911,8420636282,9
276911,8432205311,9
276912,000225669X,6
276912,99549611,6
276912,701162767,0
276912,1852422580,0
276915,042513976X,7
276916,441008291,8
276925,6511929,0
276925,002542730X,10
276925,60520507,0
276925,60930934,0
276925,60951303,0
276925,99414732,7
276925,140154078,6
276925,140327592,0
276925,140367616,0
276925,141181222,0
276925,151010633,0
276925,192834312,0
276925,194216748,5
276925,240514866,0
276925,316666343,0
276925,345391810,0
276925,375400699,0
276925,385504209,8
276925,043527242X,0
276925,439284031,0
276925,439286182,0
276925,439286239,0
276925,449221148,0
276925,451527747,0
276925,486282112,0
276925,486424499,0
276925,553275283,8
276925,582530431,9
276925,590502123,0
276925,595132189,0
276925,613329740,0
276925,063403541X,6
276925,067172939X,0
276925,671729438,0
276925,671746502,0
276925,679721851,0
276925,679745580,0
276925,691000980,0
276925,747545111,0
276925,749931434,0
276925,754000117,0
276925,804106304,0
276925,812583566,0
276925,843128240,0
276925,879517344,0
276925,971880107,0
276925,1400001625,0
276925,1400002672,8
276925,1853262404,0
276925,2061007074,0
276925,2266095536,0
276925,2290309494,0
276925,2742739351,0
276925,3522149904,0
276925,3775713328,0
276925,8401009421,0
276925,8401327199,0
276925,8401462231,0
276925,840149236X,5
276925,8408011200,0
276925,8420427462,0
276925,8420432113,5
276925,8420444367,9
276925,8420789895,0
276925,8422655500,9
276925,8422657104,9
276925,842265783X,0
276925,8422693445,0
276925,8423325105,0
276925,8423662152,0
276925,8423951537,0
276925,8423970647,0
276925,8423976645,8
276925,8426109799,8
276925,8427007450,0
276925,8429712372,0
276925,8429714936,0
276925,842975295,0
276925,8429753419,0
276925,8432227706,0
276925,8434830809,0
276925,8434840391,0
276925,8440627203,0
276925,8440696833,0
276925,8445071572,0
276925,8447306194,0
276925,8447312054,0
276925,8449416078,0
276925,8472453723,0
276925,8473068971,0
276925,8474104823,4
276925,8474263123,0
276925,8475071163,0
276925,8475961290,0
276925,8476722338,0
276925,8478809783,0
276925,8482180088,0
276925,8483221306,0
276925,8489163499,0
276925,8495501090,0
276925,8495501198,0
276925,8496077152,0
276925,8496077209,0
276925,8496246140,0
276925,8497931467,0
276925,950491036X,10
276925,9508521481,0
276925,9871138016,0
276927,460010239,0
276927,749336145,10
276927,1899344705,5
276928,439135494,0
276928,059030271X,5
276928,590453661,0
276928,590470108,7
276928,590483404,0
276928,671021354,10
276928,671026283,10
276928,671027506,10
276928,671727109,0
276929,60964049,0
276929,380807343,0
276929,439064864,0
276929,2.02.032126.2,0
276929,2.264.03602.8,0
276929,2020058863,0
276929,2020062399,0
276929,2020101653,10
276929,202011528X,5
276929,20202006935,8
276929,20203119888,8
276929,2020386666,0
276929,2020564777,6
276929,2020591944,0
276929,2070365832,0
276929,2070378411,0
276929,2070386023,5
276929,2070394956,5
276929,2070404587,10
276929,2070404706,8
276929,2070404722,0
276929,2070406962,0
276929,2070408450,0
276929,2070425770,0
276929,2070725804,0
276929,2080680692,0
276929,2226070109,0
276929,2226126570,0
276929,2226135022,0
276929,2253030570,8
276929,2253049417,0
276929,2253050407,0
276929,2253055972,0
276929,225307659X,0
276929,2253171670,8
276929,2253172367,8
276929,2264010991,5
276929,2264013257,0
276929,2264018194,3
276929,2264024674,5
276929,226402593X,3
276929,2264027568,5
276929,2264029463,0
276929,226403114,5
276929,2264031158,6
276929,2264033282,0
276929,226403601X,0
276929,2264036036,10
276929,2266040820,0
276929,2266047280,7
276929,226604960,8
276929,22660861003,6
276929,2266096451,0
276929,2266102028,0
276929,2266102621,10
276929,2266104535,2
276929,2266105698,8
276929,2266121367,0
276929,2277302228,0
276929,2290303488,0
276929,2290308285,0
276929,2290312924,0
276929,2290315524,0
276929,2290321559,0
276929,2702424131,8
276929,2742724028,5
276929,2742724613,6
276929,2742729038,0
276929,2743602295,5
276929,2841469824,0
276929,2842611462,3
276929,2868696627,0
276929,2869304129,7
276929,2869304560,5
276929,2869304870,0
276929,2869305583,6
276929,2895400644,0
276929,2907572121,0
276929,290757213X,0
276934,1566190096,10
276936,749317256,0
276936,3453150538,0
276936,3492224628,0
276936,3492224768,6
276936,3596122279,5
276936,3596147700,3
276939,60011939,0
276939,99283697,0
276939,140187758,0
276939,316154601,0
276939,059035342X,0
276939,713628944,6
276939,752844040,0
276939,971880107,0
276939,1853260665,7
276939,2070414256,7
276939,2070419657,7
276939,2253063339,9
276939,2253137243,9
276939,2253144452,9
276939,2253152072,9
276939,2264027134,0
276939,226612269X,9
276939,2290318329,0
276939,2702400612,7
276939,2702401694,9
276939,2878580753,10
276939,8408040383,0
276939,8423310353,8
276939,844140321X,0
276939,8484601072,0
276943,330373269,0
276946,8882461327,0
276949,349202436X,8
276950,8807813858,0
276953,140182551,8
276953,446310786,10
276953,886776783,7
276954,971880107,0
276954,3257008155,0
276954,329300301X,0
276954,3419528078,8
276954,3423118709,10
276954,3440054594,0
276954,3442723078,0
276954,3453034120,10
276954,3480204015,0
276954,3492238882,0
276954,3499121808,0
276954,3499153629,0
276954,3502513333,0
276954,3502517371,0
276954,3502551685,0
276954,3596119502,0
276954,3596221234,0
276954,3596850185,0
276954,3772402542,0
276954,3772420176,7
276954,3794170180,0
276954,3806852456,8
276954,3808572612,0
276954,3821812028,0
276954,3922708072,0
276954,7321578936,0
276957,312966970,6
276959,680ISBN359623,6
276963,340818182,0
276964,61096261,0
276964,312169817,6
276964,312864590,0
276964,345348664,0
276964,345348672,10
276964,345354621,10
276964,345385764,0
276964,345435036,10
276964,385264356,10
276964,425104273,9
276964,425172546,0
276964,440218667,5
276964,440220602,9
276964,446522856,0
276964,451180054,0
276964,451198514,0
276964,515131520,6
276964,517093715,0
276964,553266306,0
276964,684867621,8
276964,765342987,0
276964,812550153,5
276964,812550307,10
276964,843949163,8
276964,886773741,7
276964,886774802,8
276964,886774829,8
276964,886775426,9
276964,886775957,10
276964,886777178,7
276964,1572971835,0
276965,9722900684,9
276975,3499221489,0
276981,2422614189,0
276984,345425596,0
276984,590259970,9
276984,590260251,9
276984,590417827,0
276984,590426702,10
276984,590436422,9
276984,590436449,9
276984,590436457,0
276984,590436465,9
276984,590436481,9
276984,059043649X,9
276984,590436503,0
276984,590442589,10
276984,590442988,0
276984,590442996,10
276984,590448234,9
276984,590448595,9
276984,590456458,0
276984,590456504,9
276984,590470485,9
276984,590483056,0
276986,60930187,10
276986,375760911,10
276986,689817851,10
276986,874869870,10
276988,61081450,7
276988,61083259,7
276988,61087017,7
276988,61094404,8
276988,312925689,0
276988,440295653,0
276988,671793489,8
276988,684845768,0
276988,701169176,0
276989,312244266,0
276990,880701601X,7
276990,8817134899,9
276992,99268345,7
276994,3100970616,10
276994,3257062354,8
276994,3257228317,0
276994,3423128879,4
276994,3423202327,6
276994,342677609X,5
276994,3442054753,0
276994,3442727073,9
276994,3453132041,4
276994,3478387507,2
276994,3492045170,7
276994,3492230814,6
276994,3499101505,0
276994,3545202461,9
276994,3548359698,6
276994,3550075359,6
276994,3596154766,2
276994,3596214629,8
276997,671011367,0
276998,618045996,8
276998,3822858617,7
277002,864425589,6
277007,8817860751,7
277009,452282101,9
277010,671025368,0
277010,3257060580,10
277012,553581112,9
277012,805047379,5
277012,892964456,10
277018,373250223,7
277018,451097009,7
277018,451179994,8
277019,9681500830,0
277022,8432087653,0
277023,553140779,6
277028,425182150,10
277031,1883473004,8
277032,61007129,8
277035,61000027,0
277036,812511816,9
277036,833531654,0
277036,880381736,9
277036,880381744,10
277040,722536283,0
277042,60505885,0
277042,61097101,0
277042,299164942,0
277042,312283709,8
277042,312983271,0
277042,380731851,0
277042,446605484,7
277042,446611212,8
277042,451188454,0
277042,451207955,7
277042,609804138,9
277042,671003755,0
277042,067104754X,0
277042,743407067,0
277042,074343627X,8
277042,786013230,0
277042,812509560,0
277042,971880107,2
277048,3426615355,7
277048,3442435838,0
277048,3442455707,0
277051,75536498,8
277051,99287692,6
277051,99845008,5
277051,330262130,10
277051,385720920,10
277051,393319296,0
277051,553262505,7
277051,6514251,0
277051,805062971,0
277051,3257228007,0
277051,3442430496,9
277051,3442446325,8
277051,3453171500,7
277051,3464371506,3
277052,9513098648,8
277053,590108395,6
277056,3442451353,7
277058,8425330866,5
277058,8481301213,6
277064,460905589,0
277065,816704627,4
277072,1573229571,9
277073,60595183,0
277074,9.78E+12,5
277075,2830207904,0
277079,3499263998,4
277085,434009407,8
277085,1841193887,8
277087,375700668,0
277087,457871971,8
277087,840149768X,10
277087,8401499917,5
277087,8402007287,0
277087,8420600369,7
277087,8420603066,9
277087,8423918335,6
277087,8426105084,9
277087,8426429807,10
277087,843223138X,8
277087,8437608570,6
277087,8440630921,9
277087,8440630922,9
277087,8470394126,5
277087,8471662531,7
277087,8472230082,5
277087,8474541913,8
277087,8478091351,10
277090,3426193310,5
277094,64404773,10
277096,64407667,7
277102,552545228,0
277107,006054094X,8
277107,375706038,10
277107,081297106X,10
277107,843951826,5
277107,1400032628,8
277107,1585861553,4
277109,66210151,0
277109,385334141,5
277109,425191184,5
277109,671027343,0
277109,751503894,5
277109,3714500799,0
277114,385503822,0
277116,3548208975,8
277123,399138684,0
277124,425189864,9
277124,440236053,9
277124,440241073,9
277124,553586122,5
277128,99935708,6
277128,140118608,8
277128,552998249,0
277129,3518408127,7
277134,1586609726,6
277135,865472807,8
277139,312960344,8
277139,055358068X,0
277139,792270142,0
277142,688174590,0
277143,61097101,0
277143,031286504X,10
277143,345342968,9
277143,345446860,0
277143,375756981,0
277143,553382411,0
277143,671027662,0
277143,767903382,8
277149,3785527195,0
277155,1558744592,0
277157,60002484,0
277157,60094117,0
277157,312253397,0
277157,312331754,7
277157,312874243,0
277157,312979517,5
277157,316152196,0
277157,316154059,5
277157,316287555,0
277157,034541389X,0
277157,345450175,6
277157,345452550,7
277157,375727981,5
277157,380731851,0
277157,380975017,0
277157,385305389,4
277157,393045390,0
277157,394543289,5
277157,399135804,7
277157,399138188,0
277157,399141340,8
277157,399146466,6
277157,399146504,7
277157,399146687,7
277157,399147101,7
277157,399147144,0
277157,399147322,0
277157,399147624,5
277157,399148337,6
277157,399148450,0
277157,399148639,6
277157,399148728,8
277157,399149783,0
277157,399150811,5
277157,399150870,0
277157,399151451,7
277157,399151478,0
277157,039915177X,7
277157,399151885,0
277157,425183181,5
277157,440111323,0
277157,440122147,0
277157,440221463,0
277157,441005470,0
277157,446519480,0
277157,449221512,0
277157,055358295X,0
277157,670894184,0
277157,671024094,7
277157,679450408,6
277157,684801663,6
277157,684846608,5
277157,684871726,0
277157,743201604,0
277157,074320607X,7
277157,743407377,6
277157,743486226,7
277157,804109990,6
277157,812571118,5
277157,971880107,0
277159,969691319,10
277165,8475251471,7
277168,380724987,0
277168,380726246,0
277168,380816059,0
277168,399139419,0
277168,425175405,0
277168,425182932,0
277168,440225701,0
277168,446602485,0
277168,446603406,0
277168,451091949,0
277168,553095439,0
277168,553227041,0
277168,553263226,0
277168,553295098,0
277168,553564994,0
277168,067102423X,0
277168,671032658,4
277168,671653849,0
277168,722509049,0
277168,812500067,0
277168,812516001,0
277168,812568710,5
277168,843921609,6
277168,890875588,0
277168,1557730091,0
277168,1558172882,0
277170,425178102,0
277170,446609404,0
277170,446610038,0
277170,451178017,0
277170,553211056,9
277170,553285920,9
277170,871312549,0
277171,20259700,7
277171,345404114,0
277171,375724400,0
277171,385422598,9
277171,385479565,0
277171,425156028,0
277171,446362220,0
277171,449130282,0
277171,449213013,0
277171,449213730,8
277171,449224449,8
277171,451173139,7
277171,486282406,10
277171,553299506,0
277171,553575937,0
277171,553580930,9
277171,679737456,0
277171,804102511,9
277171,080410946X,8
277171,804114986,0
277171,881503274,0
277176,8481302201,0
277179,440414806,10
277179,679767800,7
277180,60527161,0
277180,140244328,0
277183,451198948,0
277186,6514219,0
277186,6542379,0
277186,6543545,7
277186,6550983,0
277186,141011947,6
277186,340734043,8
277186,340770015,5
277186,349105227,7
277186,571152236,4
277186,571176151,0
277187,60390174,0
277187,60976683,0
277187,61043567,0
277187,006250794X,0
277187,312977263,0
277187,375708413,0
277187,038081093X,0
277187,038528859X,0
277187,399141650,0
277187,425144690,0
277187,425147762,0
277187,440224705,0
277187,446310735,0
277187,452269865,0
277187,515115649,0
277187,515129941,0
277187,553249657,0
277187,553281089,0
277187,671042858,0
277187,671782908,0
277187,679425233,0
277187,679433090,0
277187,679745203,9
277187,679767851,0
277187,743223543,0
277187,786701420,0
277187,804106126,0
277187,080505622X,0
277187,887307302,0
277187,1564141330,0
277187,1578630037,0
277187,1880323818,0
277187,1929590059,0
277187,345251547,0
277187,449003800,0
277187,44901766125,0
277187,671781383,0
277188,140254188,8
277188,385510500,0
277188,525945636,4
277188,743422732,0
277188,789401487,0
277189,074341232X,8
277195,20847459,0
277195,60196076,0
277195,60391626,10
277195,60502258,0
277195,60908548,0
277195,60911271,0
277195,60914548,0
277195,60960930,0
277195,60987561,0
277195,62500279,0
277195,62500295,0
277195,006251170X,0
277195,015644450X,0
277195,156799804,0
277195,031214816X,0
277195,312204809,0
277195,031284879X,0
277195,316666343,0
277195,316734837,0
277195,330332775,10
277195,345353404,0
277195,345384202,0
277195,345413881,0
277195,345459407,0
277195,375406328,0
277195,375724672,0
277195,037582233X,0
277195,385149514,0
277195,385423446,0
277195,385475721,0
277195,385483503,0
277195,385729332,0
277195,394569652,0
277195,394726413,0
277195,394757572,0
277195,399142789,0
277195,042511774X,0
277195,440174953,9
277195,440214424,0
277195,440236673,0
277195,446604801,0
277195,446605484,0
277195,446606189,0
277195,446606383,0
277195,446609323,0
277195,449134482,0
277195,449223345,0
277195,451195825,0
277195,051730984X,0
277195,553251996,0
277195,055326611X,10
277195,553268880,0
277195,553273604,0
277195,553347756,10
277195,553379615,10
277195,553572997,0
277195,618093974,0
277195,670869902,10
277195,671010115,0
277195,671021001,10
277195,671256181,0
277195,671510053,0
277195,671647458,10
277195,679435506,0
277195,679455876,0
277195,679459618,0
277195,679723285,0
277195,679741666,0
277195,679745203,0
277195,679746048,0
277195,684804018,0
277195,684807548,0
277195,684841347,0
277195,684859769,0
277195,723216428,0
277195,743458036,0
277195,786862297,0
277195,802115160,0
277195,804107149,0
277195,080410946X,0
277195,811801802,0
277195,811826880,0
277195,831771690,0
277195,852072864,0
277195,871313073,0
277195,088011861X,0
277195,916318405,0
277195,939149311,0
277195,1401300448,0
277195,1558743669,0
277195,1571740562,0
277195,1573220779,0
277195,1573221856,10
277195,1577311507,0
277195,158243011X,0
277195,1882897579,0
277195,468109753,0
277195,684144433,0
277195,911824529,0
277196,345397606,0
277196,425034682,0
277196,425184463,0
277196,441694004,0
277196,44920597545,0
277196,449209733,10
277196,44923894625,0
277196,553271644,7
277196,670820555,0
277196,671446703,0
277196,671749013,0
277196,688171923,0
277196,743205812,0
277196,812521129,0
277196,828002118,0
277196,812551788,0
277197,316969680,8
277197,375703861,7
277197,440225442,8
277197,553271571,0
277197,743206045,0
277197,743229878,6
277203,030700645X,8
277203,307127923,8
277203,307302016,8
277203,307302636,8
277203,307987655,8
277203,316563242,8
277203,380600129,0
277203,380702843,0
277203,380710404,0
277203,039480001X,9
277203,394800028,9
277203,394800184,9
277203,039480029X,8
277203,039480967X,8
277203,394925696,8
277203,439083702,8
277203,439213592,8
277203,439242363,6
277203,439449316,9
277203,590386522,8
277203,590402218,9
277203,590404342,8
277203,590442619,9
277203,590442791,9
277203,590442805,9
277203,590442899,9
277203,059044297X,9
277203,059046602X,8
277203,590466577,7
277203,059053744X,0
277203,590629719,10
277203,590921622,9
277203,590965492,8
277203,689845405,7
277203,689847564,8
277203,717283194,8
277203,717283208,8
277203,717283275,8
277203,717283364,8
277203,717283372,8
277203,717284832,8
277203,717284972,8
277203,717287017,8
277203,717287106,8
277203,721452728,7
277203,736401113,8
277203,761406158,8
277203,769600239,7
277203,785316477,7
277203,785316493,7
277203,785316531,7
277203,087701759X,10
277203,882712926,0
277203,895777010,7
277203,1561452718,9
277203,1562826468,9
277203,2764104936,9
277205,671664964,7
277209,5531774,0
277212,044023722X,8
277220,671015648,7
277221,749397365,9
277228,61044636,6
277228,385239165,0
277228,884946169,0
277228,884948706,8
277229,312282990,7
277230,60613998,6
277230,037541309X,7
277230,826308791,5
277231,014023313X,0
277231,722539924,7
277232,970961502,10
277235,014029628X,6
277235,375703861,10
277235,425188175,7
277237,038550926X,7
277240,440772109,3
277242,812514440,5
277243,449005909,8
277244,345443284,0
277244,395742803,0
277244,425128164,0
277244,055347782X,8
277244,670401765,0
277244,670637823,10
277244,67166736,0
277244,1585671312,8
277245,316601950,0
277246,452282152,10
277249,11238356,0
277249,8804483156,5
277249,8846200209,0
277253,380807343,9
277256,397314728,9
277257,345422384,8
277261,440241073,7
277262,395760704,5
277265,615116426,10
277267,8804348712,0
277268,3828400647,0
277269,1555037763,6
277271,618134298,8
277272,60591706,0
277272,375708049,7
277272,552998486,0
277272,9586391688,0
277272,9722000322,8
277272,9722100718,0
277272,972211493X,0
277272,9722320742,5
277272,9722326414,7
277272,972232957,8
277272,972232957X,8
277272,9722509713,0
277272,9722906259,5
277272,9722906283,7
277272,9724608152,0
277272,9725752228,5
277272,9726101794,4
277272,9726106141,5
277272,9726621666,0
277272,9726627532,0
277274,1887128441,8
277281,62501860,9
277284,553581929,7
277285,806523794,9
277288,425154092,0
277291,671738232,10
277292,1551668726,8
277293,380721643,4
277305,O6712345670,7
277314,446360716,6
277315,60173289,8
277315,60976845,5
277317,1561840564,9
277330,441478123,0
277334,6530400,6
277334,9041710191,0
277338,3442029724,0
277338,3746614007,0
277339,44901668125,7
277340,385482051,0
277340,385494084,0
277340,767902076,0
277341,084230052X,9
277343,3257204817,8
277348,446363073,7
277351,3518119249,0
277351,35181333217,0
277351,3596200547,5
277351,3716020028,5
277351,3717581546,7
277351,3803120624,6
277353,739417096,8
277358,679781587,10
277359,71009505506,8
277359,1591820537,4
277359,1931514615,0
277363,60393823,1
277363,156027321,8
277363,312187335,0
277363,929264215,5
277364,61011509,5
277364,553576801,5
277367,312276885,10
277369,8806164104,3
277371,7137699,6
277374,671521705,7
277375,3548603203,0
277378,6485294,0
277378,60164662,0
277378,134342283,0
277378,138030405,0
277378,013838939X,0
277378,140003185,0
277378,140008217,0
277378,140017852,0
277378,140058605,6
277378,140089128,0
277378,140096825,0
277378,140253874,0
277378,140302980,0
277378,141002492,0
277378,141302933,0
277378,192827588,8
277378,312195516,7
277378,345315642,0
277378,380490986,0
277378,380731851,0
277378,385474016,0
277378,425176673,0
277378,435270613,0
277378,446322180,0
277378,446608955,4
277378,451137965,0
277378,553213296,0
277378,553262807,0
277378,553279378,0
277378,553371835,0
277378,586056572,0
277378,670892963,7
277378,670894494,0
277378,671028375,0
277378,671646575,6
277378,671683993,0
277378,679741879,0
277378,684872153,0
277378,684872730,0
277378,689817851,0
277378,712624090,0
277378,713911131,0
277378,749305401,0
277378,767906373,0
277378,770418686,0
277378,770420451,0
277378,770502466,0
277378,786881348,0
277378,804103658,0
277378,804109729,0
277378,804114986,5
277378,812507452,4
277378,812515560,5
277378,812515595,4
277378,812590554,0
277378,938261088,0
277378,941483711,0
277378,971880107,0
277378,1550137387,0
277378,1550170791,0
277379,3453156366,6
277379,3499223066,0
277380,1558509828,5
277384,957868251,8
277388,342670272X,0
277389,2253141860,4
277392,859009751X,7
277397,399140751,8
277399,254794,9
277400,87812797,8
277400,88043077730,0
277400,8804479272,0
277400,887983830,7
277400,8880891766,0
277400,8880894536,6
277400,8880897470,4
277402,051511605X,6
277405,590477404,0
277408,312253435,0
277411,044023722X,0
277413,316666343,0
277413,345416422,0
277424,60170166,8
277425,552996459,0
277427,002542730X,10
277427,26217457,0
277427,003008685X,8
277427,30615321,0
277427,60002050,0
277427,60006641,10
277427,60159685,0
277427,60177721,0
277427,60192704,0
277427,60542128,7
277427,60913509,0
277427,60929197,0
277427,006092988X,0
277427,60930535,0
277427,60932139,0
277427,60934417,0
277427,60951605,0
277427,61004251,0
277427,61009059,9
277427,61030430,0
277427,62505319,0
277427,62507109,8
277427,62735098,0
277427,64400859,0
277427,006440188X,0
277427,64636143,0
277427,99288850,0
277427,132220598,8
277427,140067477,0
277427,140067841,0
277427,140086838,0
277427,140185151,0
277427,140283374,6
277427,014029628X,0
277427,014039026X,8
277427,140390715,7
277427,140621792,0
277427,014100018X,0
277427,141439742,8
277427,142001740,0
277427,015200405X,0
277427,152050167,10
277427,156000024,0
277427,195009428,0
277427,195283554,0
277427,201000822,10
277427,310205719,0
277427,310221498,0
277427,310268001,0
277427,310396514,0
277427,310435706,10
277427,310803063,0
277427,312302487,0
277427,312944691,8
277427,312950934,0
277427,312961006,0
277427,312965966,0
277427,312966091,0
277427,031298328X,0
277427,316037451,0
277427,316096199,0
277427,316168688,0
277427,316284955,0
277427,316569321,0
277427,316602051,0
277427,316666343,0
277427,316776963,8
277427,316777730,0
277427,330234471,0
277427,33031582,8
277427,345285859,0
277427,345288068,0
277427,345311396,0
277427,345327772,0
277427,345331966,0
277427,345334019,0
277427,345338545,0
277427,345339681,0
277427,345347226,0
277427,345361792,0
277427,345362632,0
277427,345373561,0
277427,345404769,0
277427,345404777,0
277427,345404785,0
277427,345408039,0
277427,345412214,0
277427,345413903,10
277427,345419707,0
277427,345436911,0
277427,373029519,0
277427,373032811,0
277427,373033052,0
277427,373263694,0
277427,373482620,0
277427,373484232,0
277427,373705115,0
277427,374199698,0
277427,375408886,9
277427,375415491,0
277427,375700129,0
277427,375703764,0
277427,375726659,0
277427,375727132,0
277427,375751513,9
277427,376012161,0
277427,376034750,0
277427,380600129,0
277427,380702843,8
277427,380707551,0
277427,380710218,0
277427,380713292,0
277427,380718332,0
277427,380718758,0
277427,380791978,9
277427,038081904X,9
277427,380820048,0
277427,038082339X,0
277427,380846578,0
277427,380897822,0
277427,385261861,0
277427,385323816,0
277427,385424736,9
277427,385482388,0
277427,385484518,0
277427,385486804,9
277427,038548951X,0
277427,385503857,9
277427,385504209,8
277427,393039242,0
277427,039304016X,8
277427,039447970X,0
277427,394556968,0
277427,394706528,0
277427,394731220,0
277427,394738136,7
277427,394862147,7
277427,395611571,0
277427,395936136,0
277427,399132678,0
277427,399144463,0
277427,399145990,0
277427,399148442,0
277427,399149562,7
277427,399225064,10
277427,399501487,9
277427,399526145,0
277427,425047962,8
277427,042507448X,0
277427,425087859,0
277427,425104273,0
277427,425104338,9
277427,425107469,0
277427,425113884,0
277427,425115801,0
277427,425116840,8
277427,425121631,0
277427,425125467,0
277427,425131769,0
277427,425133516,9
277427,042514755X,0
277427,425152898,0
277427,425154092,0
277427,425155943,0
277427,425157466,0
277427,425158616,0
277427,425163865,0
277427,425169871,0
277427,425174271,0
277427,425175405,0
277427,425176088,0
277427,042518627X,0
277427,425190749,7
277427,439064872,0
277427,439136369,0
277427,043936213X,0
277427,440113423,0
277427,044011585X,0
277427,440170796,0
277427,440173922,0
277427,440176484,0
277427,440185327,5
277427,440193613,0
277427,440201071,0
277427,440205506,0
277427,440208459,0
277427,440210690,0
277427,440213320,0
277427,440213991,0
277427,440217466,0
277427,440221501,0
277427,440224764,7
277427,440225450,0
277427,440225701,0
277427,440236061,8
277427,440236703,0
277427,440236738,9
277427,440241073,0
277427,440419468,0
277427,440428130,8
277427,440506832,0
277427,441002455,0
277427,441172717,0
277427,441627404,10
277427,446311677,5
277427,446325503,8
277427,446350982,9
277427,446522384,8
277427,446600415,10
277427,446602620,0
277427,446603716,0
277427,446604801,0
277427,446607193,0
277427,446608009,0
277427,446608890,10
277427,446609048,0
277427,446611212,0
277427,446676640,8
277427,446677507,0
277427,449221482,0
277427,449221504,0
277427,449222470,0
277427,449224813,0
277427,044922502X,0
277427,449231992,0
277427,451113357,0
277427,451141083,0
277427,451166000,0
277427,451169522,0
277427,451177096,0
277427,451180739,8
277427,451184742,0
277427,451191153,8
277427,451202503,0
277427,451203593,10
277427,451404025,0
277427,451526562,0
277427,452283736,0
277427,452284449,6
277427,471018732,10
277427,486406644,0
277427,486424634,0
277427,515128015,0
277427,515128600,0
277427,515130923,0
277427,515132020,0
277427,515133302,0
277427,517294559,0
277427,517559501,0
277427,517573636,9
277427,517883384,0
277427,523485964,8
277427,552137030,8
277427,552996181,0
277427,553078925,8
277427,553133160,0
277427,553232266,0
277427,553268880,0
277427,553271636,0
277427,553274295,0
277427,553279556,0
277427,553280341,0
277427,553280368,9
277427,553295780,0
277427,553297422,0
277427,553297619,0
277427,553343653,0
277427,553351672,10
277427,553571656,10
277427,553571818,0
277427,553572865,0
277427,553572997,0
277427,553573926,10
277427,553574566,9
277427,553577808,0
277427,553578936,0
277427,553579274,0
277427,553579525,0
277427,553581058,0
277427,553581112,0
277427,553581929,9
277427,553582755,0
277427,553586122,0
277427,553801430,0
277427,573681821,0
277427,609804138,0
277427,609810138,0
277427,631194975,0
277427,664244882,0
277427,670307254,8
277427,067086045X,0
277427,067091021X,0
277427,671001795,0
277427,067101417X,0
277427,671014420,5
277427,671016776,0
277427,671024086,0
277427,671037692,8
277427,671441981,0
277427,671528904,8
277427,671600982,0
277427,671679929,0
277427,067170561X,0
277427,067172021X,8
277427,671722808,0
277427,671727079,9
277427,671729470,0
277427,671740504,8
277427,671741209,0
277427,671749897,8
277427,671782525,0
277427,671810367,0
277427,671876821,8
277427,674373502,0
277427,067940676X,0
277427,067941388X,0
277427,679417648,10
277427,679419853,10
277427,679457313,0
277427,679459626,0
277427,679731148,9
277427,679731377,0
277427,679736042,5
277427,679751521,0
277427,679765018,0
277427,684846713,0
277427,684859300,0
277427,684864320,0
277427,684866048,0
277427,684869098,8
277427,684872153,0
277427,688037879,0
277427,688065716,0
277427,688139752,0
277427,068971310X,0
277427,070434100X,0
277427,708985386,0
277427,715388185,8
277427,718002067,8
277427,720714729,0
277427,736903054,8
277427,740723367,9
277427,743406176,8
277427,743412028,9
277427,743422082,9
277427,743422910,0
277427,743444477,9
277427,743457943,8
277427,749395990,0
277427,764223259,0
277427,764550896,0
277427,767903382,10
277427,076790446X,0
277427,785243038,7
277427,786866845,10
277427,078762764X,0
277427,800757483,8
277427,800786459,0
277427,802425488,9
277427,080284314X,0
277427,803653719,8
277427,803786824,0
277427,080410753X,0
277427,804108749,0
277427,080411918X,0
277427,080501604X,0
277427,805018956,10
277427,805047603,0
277427,805051309,0
277427,809233479,0
277427,810909650,5
277427,811801802,0
277427,811802981,10
277427,811811409,10
277427,812504798,8
277427,812531353,8
277427,812542509,0
277427,812575555,0
277427,821713841,0
277427,821770829,0
277427,835607585,0
277427,836204387,0
277427,836210263,10
277427,836213068,0
277427,836213076,10
277427,836217632,0
277427,836217691,10
277427,836218221,0
277427,836218515,10
277427,836218655,0
277427,836218787,0
277427,836218817,10
277427,836218833,0
277427,836221192,10
277427,836221311,8
277427,836221362,0
277427,836236688,10
277427,842314296,0
277427,084233338X,10
277427,842338918,0
277427,842352368,0
277427,842370668,10
277427,843947888,7
277427,843948442,0
277427,849929954,0
277427,084993785X,0
277427,849995892,10
277427,850791154,0
277427,871233096,0
277427,871890917,10
277427,872016269,0
277427,875096867,0
277427,087605534X,8
277427,877017883,0
277427,877423814,0
277427,877790426,10
277427,087784870X,10
277427,878771018,0
277427,088138013X,0
277427,884195473,0
277427,884502627,0
277427,886771528,0
277427,887621112,6
277427,890814082,10
277427,890876517,10
277427,890876967,6
277427,089104289X,0
277427,891094261,0
277427,894803204,0
277427,894807730,0
277427,894808249,0
277427,895772183,0
277427,897210026,0
277427,897210433,0
277427,897330536,8
277427,898155843,9
277427,898156122,0
277427,898157803,10
277427,898793912,9
277427,898794080,7
277427,898794544,8
277427,898796431,0
277427,898796601,5
277427,089879661X,5
277427,898797055,5
277427,898797187,0
277427,898797993,0
277427,091031103X,0
277427,912376090,0
277427,912452161,5
277427,913734489,0
277427,914846566,0
277427,915943263,0
277427,918956730,0
277427,930014464,0
277427,932592007,8
277427,932944523,0
277427,964420805,7
277427,965035214,9
277427,967201519,7
277427,971880107,0
277427,1400031354,0
277427,1400034779,0
277427,1400060265,10
277427,1551664968,0
277427,1551668157,0
277427,1556524412,0
277427,1557733090,0
277427,1558177736,0
277427,1559586893,10
277427,1559703865,0
277427,1562923668,10
277427,1563052377,0
277427,1564142019,0
277427,1564403963,9
277427,1565075722,10
277427,1565120310,0
277427,1567313000,0
277427,1568380593,10
277427,156865037X,7
277427,1570620768,0
277427,1570620970,0
277427,157224058X,0
277427,1572302399,10
277427,1572304510,10
277427,157421005X,0
277427,1576733343,10
277427,1576737160,0
277427,1576739597,7
277427,1581690606,7
277427,1582343772,0
277427,1852278099,0
277427,1852303468,7
277427,1887128255,0
277427,1930285000,8
277427,8251800811,7
277427,8495273829,0
277432,373765541,8
277433,009977920X,5
277433,749317132,0
277433,864425767,7
277434,312144075,0
277434,771087217,0
277435,031215125X,8
277436,590629786,10
277436,590629794,10
277436,590629808,10
277436,590629816,10
277439,312242026,5
277439,316666343,7
277439,345444892,5
277439,345452550,5
277439,385504209,0
277439,399149821,7
277439,051509272X,5
277439,553230557,0
277439,553579134,7
277439,671027360,7
277439,671038443,0
277439,688034047,0
277439,1583940790,0
277444,849908647,9
277453,385722206,0
277457,3150087201,8
277457,3442729785,7
277461,15659413,0
277462,312195516,10
277466,312963297,0
277466,345382293,0
277466,380718340,7
277466,385491387,0
277466,395835836,0
277466,042516098X,0
277466,425175405,0
277466,044022165X,0
277466,440226414,7
277466,446612790,0
277466,449219364,0
277466,449221512,0
277466,051512219X,0
277466,553121510,0
277466,553279556,0
277466,553292722,8